media href,image src,product-card__title,tw-text-[rgba(var(--color-foreground))],tw-text-[#a38d6f],opinew-stars-plugin-link href,product-form__noscript-wrapper-template--16613934661802__product-grid,Chrome_Top_Notes,Chrome_Heart_Notes,Chrome_Base_Notes,,,,,,,,,,,,
https://in.ajmal.com/collections/concentrated-perfume/products/1001-nights-concentrated-perfume-perfume-30ml-for-unisex,https://in.ajmal.com/cdn/shop/files/1001NIGHTS_CONCENTRATED_30ML_1.jpg?v=1719382599&width=1600,1001 NIGHTS Non-Alcoholic Attar 30ML for Unisex,"₹6,600.00","₹6,600",https://in.ajmal.com/products/1001-nights-concentrated-perfume-perfume-30ml-for-unisex,"<div class=""product-form__input hidden"">
    <label class=""form__label"" for=""Variants-template--16613934661802__product-grid"">Product variants</label>
    <div class=""select"">
      <select
        name=""id""
        id=""Variants-template--16613934661802__product-grid""
        class=""select__select""
        form=""""
      ><option
            
              selected=""selected""
            
            
            value=""46097058103466""
          >Default Title - ₹6,600.00</option></select>
      <svg aria-hidden=""true"" focusable=""false"" class=""icon icon-caret"" viewBox=""0 0 10 6"">
  <path fill-rule=""evenodd"" clip-rule=""evenodd"" d=""M9.354.646a.5.5 0 00-.708 0L5 4.293 1.354.646a.5.5 0 00-.708.708l4 4a.5.5 0 00.708 0l4-4a.5.5 0 000-.708z"" fill=""currentColor"">
</svg>

    </div>
  </div>",Spicy Smoky  , Floral Spicy  , Musky Woody,,,,,,,,,,,,
https://in.ajmal.com/collections/concentrated-perfume/products/dahnul-oudh-khalifa-concentrated-perfume-perfume-3ml-for-unisex,https://in.ajmal.com/cdn/shop/files/DHANULOUDHKHALIFA_CONCENTRATED_3ML_2.jpg?v=1719382146&width=1600,DHANUL OUDH KHALIFA Non-Alcoholic Attar 3ML for Unisex,"₹4,250.00","₹5,000",https://in.ajmal.com/products/dahnul-oudh-khalifa-concentrated-perfume-perfume-3ml-for-unisex,"<div class=""product-form__input hidden"">
    <label class=""form__label"" for=""Variants-template--16613934661802__product-grid"">Product variants</label>
    <div class=""select"">
      <select
        name=""id""
        id=""Variants-template--16613934661802__product-grid""
        class=""select__select""
        form=""""
      ><option
            
              selected=""selected""
            
            
            value=""46097057480874""
          >Default Title - ₹4,250.00</option></select>
      <svg aria-hidden=""true"" focusable=""false"" class=""icon icon-caret"" viewBox=""0 0 10 6"">
  <path fill-rule=""evenodd"" clip-rule=""evenodd"" d=""M9.354.646a.5.5 0 00-.708 0L5 4.293 1.354.646a.5.5 0 00-.708.708l4 4a.5.5 0 00.708 0l4-4a.5.5 0 000-.708z"" fill=""currentColor"">
</svg>

    </div>
  </div>",Oudhy  , Musky  , Oudhy,,,,,,,,,,,,
https://in.ajmal.com/collections/concentrated-perfume/products/dahnul-oudh-raashid-concentrated-perfume-perfume-3ml-for-unisex,https://in.ajmal.com/cdn/shop/files/DHANULOUDHRAASHID_CONCENTRATED_3ML_1.jpg?v=1719381989&width=1600,DHANUL OUDH RAASHID Non-Alcoholic Attar 3ML for Unisex,"₹2,550.00","₹3,000",https://in.ajmal.com/products/dahnul-oudh-raashid-concentrated-perfume-perfume-3ml-for-unisex,"<div class=""product-form__input hidden"">
    <label class=""form__label"" for=""Variants-template--16613934661802__product-grid"">Product variants</label>
    <div class=""select"">
      <select
        name=""id""
        id=""Variants-template--16613934661802__product-grid""
        class=""select__select""
        form=""""
      ><option
            
              selected=""selected""
            
            
            value=""46097057415338""
          >Default Title - ₹2,550.00</option></select>
      <svg aria-hidden=""true"" focusable=""false"" class=""icon icon-caret"" viewBox=""0 0 10 6"">
  <path fill-rule=""evenodd"" clip-rule=""evenodd"" d=""M9.354.646a.5.5 0 00-.708 0L5 4.293 1.354.646a.5.5 0 00-.708.708l4 4a.5.5 0 00.708 0l4-4a.5.5 0 000-.708z"" fill=""currentColor"">
</svg>

    </div>
  </div>",Oudhy  , Oudhy  , Oudhy,,,,,,,,,,,,
https://in.ajmal.com/collections/concentrated-perfume/products/buraq-non-alcoholic-concentrated-perfume-unisex-attar-men-women-20-ml,https://in.ajmal.com/cdn/shop/files/BURAQ_CONCENTRATED_20ML_1.png?v=1746422401&width=1000,BURAQ Non-Alcoholic Attar 20ML for Unisex,"₹2,250.00","₹2,500",https://in.ajmal.com/products/buraq-non-alcoholic-concentrated-perfume-unisex-attar-men-women-20-ml,"<div class=""product-form__input hidden"">
    <label class=""form__label"" for=""Variants-template--16613934661802__product-grid"">Product variants</label>
    <div class=""select"">
      <select
        name=""id""
        id=""Variants-template--16613934661802__product-grid""
        class=""select__select""
        form=""""
      ><option
            
              selected=""selected""
            
            
            value=""46097094967466""
          >Default Title - ₹2,250.00</option></select>
      <svg aria-hidden=""true"" focusable=""false"" class=""icon icon-caret"" viewBox=""0 0 10 6"">
  <path fill-rule=""evenodd"" clip-rule=""evenodd"" d=""M9.354.646a.5.5 0 00-.708 0L5 4.293 1.354.646a.5.5 0 00-.708.708l4 4a.5.5 0 00.708 0l4-4a.5.5 0 000-.708z"" fill=""currentColor"">
</svg>

    </div>
  </div>",FRUITY (APPLE)  ," SPICY, WOODY (CINNAMON, SAFFRON, CLOVE)  "," AMBERY, BALSAMIC, WOODY (AMBER, LABDANUM, CYPRIOL)",,,,,,,,,,,,
https://in.ajmal.com/collections/concentrated-perfume/products/musk-khas-non-alcoholic-attar-3-ml-for-unisex,https://in.ajmal.com/cdn/shop/files/MUSKKHAS_CONCENTRATED_3ML_1.jpg?v=1756451172&width=1600,Musk Khas Non-Alcoholic Attar 3 ML for Unisex,"₹2,200.00",,https://in.ajmal.com/products/musk-khas-non-alcoholic-attar-3-ml-for-unisex,"<div class=""product-form__input hidden"">
    <label class=""form__label"" for=""Variants-template--16613934661802__product-grid"">Product variants</label>
    <div class=""select"">
      <select
        name=""id""
        id=""Variants-template--16613934661802__product-grid""
        class=""select__select""
        form=""""
      ><option
            
              selected=""selected""
            
            
            value=""46917161779370""
          >Default Title - ₹2,200.00</option></select>
      <svg aria-hidden=""true"" focusable=""false"" class=""icon icon-caret"" viewBox=""0 0 10 6"">
  <path fill-rule=""evenodd"" clip-rule=""evenodd"" d=""M9.354.646a.5.5 0 00-.708 0L5 4.293 1.354.646a.5.5 0 00-.708.708l4 4a.5.5 0 00.708 0l4-4a.5.5 0 000-.708z"" fill=""currentColor"">
</svg>

    </div>
  </div>",Oudhy  , Oudhy  , Oudhy,,,,,,,,,,,,
https://in.ajmal.com/collections/concentrated-perfume/products/royal-series-concentrated-perfume-pack-of-4,https://in.ajmal.com/cdn/shop/files/ROYAL_CP_GIFTSET_20ML_1_664917fc-1a6c-4fba-8d41-891550e232fc.jpg?v=1742897388&width=1600,ROYAL Non-Alcoholic Attar Giftpack 20ML for Unisex,"₹2,000.00","₹2,500",https://in.ajmal.com/products/royal-series-concentrated-perfume-pack-of-4,"<div class=""product-form__input hidden"">
    <label class=""form__label"" for=""Variants-template--16613934661802__product-grid"">Product variants</label>
    <div class=""select"">
      <select
        name=""id""
        id=""Variants-template--16613934661802__product-grid""
        class=""select__select""
        form=""""
      ><option
            
              selected=""selected""
            
            
            value=""46624863682730""
          >Default Title - ₹2,000.00</option></select>
      <svg aria-hidden=""true"" focusable=""false"" class=""icon icon-caret"" viewBox=""0 0 10 6"">
  <path fill-rule=""evenodd"" clip-rule=""evenodd"" d=""M9.354.646a.5.5 0 00-.708 0L5 4.293 1.354.646a.5.5 0 00-.708.708l4 4a.5.5 0 00.708 0l4-4a.5.5 0 000-.708z"" fill=""currentColor"">
</svg>

    </div>
  </div>","Royal Love - White Florals, Fruity Misk-Rijali - Musky Misk-Sapphire - Musky Oud-Kuwaiti - Cypriol, Pink Pepper,Cedarwood  "," Royal Love - Woody Misk-Rijali - Musky Misk-Sapphire - Musky Oud-Kuwaiti - Patchouli, Amber  "," Royal Love - Sandalwood, Hazelnut Misk-Rijali - Floral Misk-Sapphire - Musky, Powdery Oud-Kuwaiti - Vetiver, Raspberry, Musk",,,,,,,,,,,,
https://in.ajmal.com/collections/concentrated-perfume/products/oudh-mukhallat-concentrated-perfume-perfume-6ml-for-unisex,https://in.ajmal.com/cdn/shop/files/OUDHMUKHALLAT_CONCENTRATED_6ML_1.jpg?v=1719382331&width=1600,OUDH MUKHALLAT Non-Alcoholic Attar 6ML for Unisex,"₹2,000.00","₹2,500",https://in.ajmal.com/products/oudh-mukhallat-concentrated-perfume-perfume-6ml-for-unisex,"<div class=""product-form__input hidden"">
    <label class=""form__label"" for=""Variants-template--16613934661802__product-grid"">Product variants</label>
    <div class=""select"">
      <select
        name=""id""
        id=""Variants-template--16613934661802__product-grid""
        class=""select__select""
        form=""""
      ><option
            
              selected=""selected""
            
            
            value=""46097057677482""
          >Default Title - ₹2,000.00</option></select>
      <svg aria-hidden=""true"" focusable=""false"" class=""icon icon-caret"" viewBox=""0 0 10 6"">
  <path fill-rule=""evenodd"" clip-rule=""evenodd"" d=""M9.354.646a.5.5 0 00-.708 0L5 4.293 1.354.646a.5.5 0 00-.708.708l4 4a.5.5 0 00.708 0l4-4a.5.5 0 000-.708z"" fill=""currentColor"">
</svg>

    </div>
  </div>",Floral Spicy  , Fruity Musky  , Musky Woody,,,,,,,,,,,,
https://in.ajmal.com/collections/concentrated-perfume/products/mizyaan-concentrated-perfume-perfume-14ml-for-unisex,https://in.ajmal.com/cdn/shop/files/MIZYAAN_CONCENTRATED_14ML_1.jpg?v=1719382552&width=1600,MIZYAAN Non-Alcoholic Attar 14ML for Unisex,"₹1,600.00","₹2,000",https://in.ajmal.com/products/mizyaan-concentrated-perfume-perfume-14ml-for-unisex,"<div class=""product-form__input hidden"">
    <label class=""form__label"" for=""Variants-template--16613934661802__product-grid"">Product variants</label>
    <div class=""select"">
      <select
        name=""id""
        id=""Variants-template--16613934661802__product-grid""
        class=""select__select""
        form=""""
      ><option
            
              selected=""selected""
            
            
            value=""46097058037930""
          >Default Title - ₹1,600.00</option></select>
      <svg aria-hidden=""true"" focusable=""false"" class=""icon icon-caret"" viewBox=""0 0 10 6"">
  <path fill-rule=""evenodd"" clip-rule=""evenodd"" d=""M9.354.646a.5.5 0 00-.708 0L5 4.293 1.354.646a.5.5 0 00-.708.708l4 4a.5.5 0 00.708 0l4-4a.5.5 0 000-.708z"" fill=""currentColor"">
</svg>

    </div>
  </div>",Floral Spicy  , Floral Musky  , Woody Ambery,,,,,,,,,,,,
https://in.ajmal.com/collections/concentrated-perfume/products/khofooq_concentrated_18ml,https://in.ajmal.com/cdn/shop/files/KHOFOOQ_CONCENTRATED_18ML_2_cc200e04-c2d7-4b71-b8c1-2c04c6801f44.png?v=1744884422&width=1600,KHOFOOQ Non-Alcoholic Attar 18ML for Unisex,"₹1,200.00","₹2,000",https://in.ajmal.com/products/khofooq_concentrated_18ml,"<div class=""product-form__input hidden"">
    <label class=""form__label"" for=""Variants-template--16613934661802__product-grid"">Product variants</label>
    <div class=""select"">
      <select name=""id"" id=""Variants-template--16613934661802__product-grid"" class=""select__select"" form=""""><option selected=""selected"" value=""46726370689194"">Default Title - ₹1,200.00</option></select>
      <svg aria-hidden=""true"" focusable=""false"" class=""icon icon-caret"" viewBox=""0 0 10 6"">
  <path fill-rule=""evenodd"" clip-rule=""evenodd"" d=""M9.354.646a.5.5 0 00-.708 0L5 4.293 1.354.646a.5.5 0 00-.708.708l4 4a.5.5 0 00.708 0l4-4a.5.5 0 000-.708z"" fill=""currentColor"">
</path></svg>

    </div>
  </div>",Fruity Floral  , Floral Spicy  , Musky Woody,,,,,,,,,,,,
https://in.ajmal.com/collections/concentrated-perfume/products/zabeel-attar-concentrated-perfume-unisex-long-lasting-attar-12-ml,https://in.ajmal.com/cdn/shop/files/ZABEEL_12ML_1.jpg?v=1719817119&width=1600,ZABEEL Non-Alcoholic Attar 12ML for Unisex,"₹1,190.00","₹1,700",https://in.ajmal.com/products/zabeel-attar-concentrated-perfume-unisex-long-lasting-attar-12-ml,"<div class=""product-form__input hidden"">
    <label class=""form__label"" for=""Variants-template--16613934661802__product-grid"">Product variants</label>
    <div class=""select"">
      <select name=""id"" id=""Variants-template--16613934661802__product-grid"" class=""select__select"" form=""""><option selected=""selected"" value=""46097090576554"">Default Title - ₹1,190.00</option></select>
      <svg aria-hidden=""true"" focusable=""false"" class=""icon icon-caret"" viewBox=""0 0 10 6"">
  <path fill-rule=""evenodd"" clip-rule=""evenodd"" d=""M9.354.646a.5.5 0 00-.708 0L5 4.293 1.354.646a.5.5 0 00-.708.708l4 4a.5.5 0 00.708 0l4-4a.5.5 0 000-.708z"" fill=""currentColor"">
</path></svg>

    </div>
  </div>","floral citrus (hyacinth, bergamot)  "," spicy floral (clove, jasmine)  "," woody musky (patchouli, oakmoss, vetiver)",,,,,,,,,,,,
https://in.ajmal.com/collections/concentrated-perfume/products/kandeel-concentrated-perfume-perfume-12ml-for-unisex,https://in.ajmal.com/cdn/shop/files/KANDEEL_CONCENTRATED_12ML_2.jpg?v=1719382571&width=1600,KANDEEL Non-Alcoholic Attar 12ML for Unisex,"₹1,185.00","₹1,975",https://in.ajmal.com/products/kandeel-concentrated-perfume-perfume-12ml-for-unisex,"<div class=""product-form__input hidden"">
    <label class=""form__label"" for=""Variants-template--16613934661802__product-grid"">Product variants</label>
    <div class=""select"">
      <select name=""id"" id=""Variants-template--16613934661802__product-grid"" class=""select__select"" form=""""><option selected=""selected"" value=""46097058070698"">Default Title - ₹1,185.00</option></select>
      <svg aria-hidden=""true"" focusable=""false"" class=""icon icon-caret"" viewBox=""0 0 10 6"">
  <path fill-rule=""evenodd"" clip-rule=""evenodd"" d=""M9.354.646a.5.5 0 00-.708 0L5 4.293 1.354.646a.5.5 0 00-.708.708l4 4a.5.5 0 00.708 0l4-4a.5.5 0 000-.708z"" fill=""currentColor"">
</path></svg>

    </div>
  </div>","Floral (Jasmine, Rose )  ", Musky ( Musk)  ," Woody Ambery( Guaiac wood , Cashmerewood , Cedarwood )",,,,,,,,,,,,
https://in.ajmal.com/collections/concentrated-perfume/products/colaba-mukhallat-concentrated-perfume-perfume-14ml-for-unisex,https://in.ajmal.com/cdn/shop/files/COLABAMUKHALLAT_CONCENTRATED_12ML_1.jpg?v=1719382886&width=1600,COLABA MUKHALLAT Non-Alcoholic Attar 14ML for Unisex,"₹1,050.00","₹1,500",https://in.ajmal.com/products/colaba-mukhallat-concentrated-perfume-perfume-14ml-for-unisex,"<div class=""product-form__input hidden"">
    <label class=""form__label"" for=""Variants-template--16613934661802__product-grid"">Product variants</label>
    <div class=""select"">
      <select name=""id"" id=""Variants-template--16613934661802__product-grid"" class=""select__select"" form=""""><option selected=""selected"" value=""46097058201770"">Default Title - ₹1,050.00</option></select>
      <svg aria-hidden=""true"" focusable=""false"" class=""icon icon-caret"" viewBox=""0 0 10 6"">
  <path fill-rule=""evenodd"" clip-rule=""evenodd"" d=""M9.354.646a.5.5 0 00-.708 0L5 4.293 1.354.646a.5.5 0 00-.708.708l4 4a.5.5 0 00.708 0l4-4a.5.5 0 000-.708z"" fill=""currentColor"">
</path></svg>

    </div>
  </div>",Fresh Floral  , Spicy Floral  , Ambery Woody Musky,,,,,,,,,,,,
https://in.ajmal.com/collections/concentrated-perfume/products/cd-99-mukhallat-concentrated-perfume-perfume-14ml-for-unisex,https://in.ajmal.com/cdn/shop/files/CD99MUKHALLAT_CONCENTRATED_14ML_1.png?v=1746422459&width=1600,CD99 MUKHALLAT Non-Alcoholic Attar 14ML for Unisex,"₹1,050.00","₹1,500",https://in.ajmal.com/products/cd-99-mukhallat-concentrated-perfume-perfume-14ml-for-unisex,"<div class=""product-form__input hidden"">
    <label class=""form__label"" for=""Variants-template--16613934661802__product-grid"">Product variants</label>
    <div class=""select"">
      <select name=""id"" id=""Variants-template--16613934661802__product-grid"" class=""select__select"" form=""""><option selected=""selected"" value=""46097057972394"">Default Title - ₹1,050.00</option></select>
      <svg aria-hidden=""true"" focusable=""false"" class=""icon icon-caret"" viewBox=""0 0 10 6"">
  <path fill-rule=""evenodd"" clip-rule=""evenodd"" d=""M9.354.646a.5.5 0 00-.708 0L5 4.293 1.354.646a.5.5 0 00-.708.708l4 4a.5.5 0 00.708 0l4-4a.5.5 0 000-.708z"" fill=""currentColor"">
</path></svg>

    </div>
  </div>",Floral  , Spicy  , Ambery Musky,,,,,,,,,,,,
https://in.ajmal.com/collections/concentrated-perfume/products/royal-oud-kuwaiti-attar-concentrated-perfume-for-unisex-10-ml,https://in.ajmal.com/cdn/shop/files/ROYAL-OUD-KUWAITI_CONCENTRATED_10ML_1.jpg?v=1723816827&width=1600,ROYAL-OUD-KUWAITI Non-Alcoholic Attar 10ML for Unisex,"₹1,039.00","₹1,299",https://in.ajmal.com/products/royal-oud-kuwaiti-attar-concentrated-perfume-for-unisex-10-ml,"<div class=""product-form__input hidden"">
    <label class=""form__label"" for=""Variants-template--16613934661802__product-grid"">Product variants</label>
    <div class=""select"">
      <select name=""id"" id=""Variants-template--16613934661802__product-grid"" class=""select__select"" form=""""><option selected=""selected"" value=""46190312521898"">Default Title - ₹1,039.00</option></select>
      <svg aria-hidden=""true"" focusable=""false"" class=""icon icon-caret"" viewBox=""0 0 10 6"">
  <path fill-rule=""evenodd"" clip-rule=""evenodd"" d=""M9.354.646a.5.5 0 00-.708 0L5 4.293 1.354.646a.5.5 0 00-.708.708l4 4a.5.5 0 00.708 0l4-4a.5.5 0 000-.708z"" fill=""currentColor"">
</path></svg>

    </div>
  </div>","Cypriol, Pink Pepper,Cedarwood  "," Patchouli, Amber  "," Vetiver, Raspberry, Musk",,,,,,,,,,,,
https://in.ajmal.com/collections/concentrated-perfume/products/royal-misk-rijali-attar-concentrated-perfumefor-unisex-10-ml,https://in.ajmal.com/cdn/shop/files/ROYAL-MISK-RIJALI_CONCENTRATED_10ML_1.jpg?v=1723816924&width=1600,ROYAL-MISK-RIJALI Non-Alcoholic Attar 10ML for Unisex,₹999.00,"₹1,299",https://in.ajmal.com/products/royal-misk-rijali-attar-concentrated-perfumefor-unisex-10-ml,"<div class=""product-form__input hidden"">
    <label class=""form__label"" for=""Variants-template--16613934661802__product-grid"">Product variants</label>
    <div class=""select"">
      <select name=""id"" id=""Variants-template--16613934661802__product-grid"" class=""select__select"" form=""""><option selected=""selected"" value=""46190312718506"">Default Title - ₹999.00</option></select>
      <svg aria-hidden=""true"" focusable=""false"" class=""icon icon-caret"" viewBox=""0 0 10 6"">
  <path fill-rule=""evenodd"" clip-rule=""evenodd"" d=""M9.354.646a.5.5 0 00-.708 0L5 4.293 1.354.646a.5.5 0 00-.708.708l4 4a.5.5 0 00.708 0l4-4a.5.5 0 000-.708z"" fill=""currentColor"">
</path></svg>

    </div>
  </div>",Musky  , Musky  , Floral,,,,,,,,,,,,
https://in.ajmal.com/collections/concentrated-perfume/products/royal-pearl-concentrated-perfume-attar-for-women-10-ml,https://in.ajmal.com/cdn/shop/files/ROYAL-PEARL_CONCENTRATED_10ML_1.jpg?v=1723816454&width=1600,ROYAL-PEARL Non-Alcoholic Attar 10ML for Women,₹649.50,"₹1,299",https://in.ajmal.com/products/royal-pearl-concentrated-perfume-attar-for-women-10-ml,"<div class=""product-form__input hidden"">
    <label class=""form__label"" for=""Variants-template--16613934661802__product-grid"">Product variants</label>
    <div class=""select"">
      <select name=""id"" id=""Variants-template--16613934661802__product-grid"" class=""select__select"" form=""""><option selected=""selected"" value=""46190302953642"">Default Title - ₹999.00</option></select>
      <svg aria-hidden=""true"" focusable=""false"" class=""icon icon-caret"" viewBox=""0 0 10 6"">
  <path fill-rule=""evenodd"" clip-rule=""evenodd"" d=""M9.354.646a.5.5 0 00-.708 0L5 4.293 1.354.646a.5.5 0 00-.708.708l4 4a.5.5 0 00.708 0l4-4a.5.5 0 000-.708z"" fill=""currentColor"">
</path></svg>

    </div>
  </div>","Citrus, Fruity  ", Floral  ," Woody, Musky",,,,,,,,,,,,
https://in.ajmal.com/collections/concentrated-perfume/products/ajmal-mukhallat-al-wafa-attar-pack-of-2-non-alcoholic-unisex-perfume-12-ml-each,https://in.ajmal.com/cdn/shop/files/2MUKHALLATALWAFA_CONCENTRATED_12ML.jpg?v=1731563533&width=1600,Ajmal Mukhallat Al Wafa Attar (Pack of 2) Non-Alcoholic Unisex Perfume- 12 ML Each,₹999.00,"₹1,500",https://in.ajmal.com/products/ajmal-mukhallat-al-wafa-attar-pack-of-2-non-alcoholic-unisex-perfume-12-ml-each,"<div class=""product-form__input hidden"">
    <label class=""form__label"" for=""Variants-template--16613934661802__product-grid"">Product variants</label>
    <div class=""select"">
      <select name=""id"" id=""Variants-template--16613934661802__product-grid"" class=""select__select"" form=""""><option selected=""selected"" value=""46350794260650"">Default Title - ₹999.00</option></select>
      <svg aria-hidden=""true"" focusable=""false"" class=""icon icon-caret"" viewBox=""0 0 10 6"">
  <path fill-rule=""evenodd"" clip-rule=""evenodd"" d=""M9.354.646a.5.5 0 00-.708 0L5 4.293 1.354.646a.5.5 0 00-.708.708l4 4a.5.5 0 00.708 0l4-4a.5.5 0 000-.708z"" fill=""currentColor"">
</path></svg>

    </div>
  </div>",Spicy Fresh  , Woody Spicy  , Powdery Oudhy,,,,,,,,,,,,
https://in.ajmal.com/collections/concentrated-perfume/products/royal-love-attar-concentrated-perfume-for-women-10-ml-1,https://in.ajmal.com/cdn/shop/files/ROYAL-LOVE_CONCENTRATED_10ML_1.jpg?v=1723816719&width=1600,ROYAL-LOVE Non-Alcoholic Attar 10ML for Women,₹649.50,"₹1,299",https://in.ajmal.com/products/royal-love-attar-concentrated-perfume-for-women-10-ml-1,"<div class=""product-form__input hidden"">
    <label class=""form__label"" for=""Variants-template--16613934661802__product-grid"">Product variants</label>
    <div class=""select"">
      <select name=""id"" id=""Variants-template--16613934661802__product-grid"" class=""select__select"" form=""""><option selected=""selected"" value=""46190314619050"">Default Title - ₹999.00</option></select>
      <svg aria-hidden=""true"" focusable=""false"" class=""icon icon-caret"" viewBox=""0 0 10 6"">
  <path fill-rule=""evenodd"" clip-rule=""evenodd"" d=""M9.354.646a.5.5 0 00-.708 0L5 4.293 1.354.646a.5.5 0 00-.708.708l4 4a.5.5 0 00.708 0l4-4a.5.5 0 000-.708z"" fill=""currentColor"">
</path></svg>

    </div>
  </div>","White Florals, Fruity  ", Woody  ," Sandalwood, Hazelnut",,,,,,,,,,,,
https://in.ajmal.com/collections/concentrated-perfume/products/royal-galaxy-attar-concentrated-perfume-for-unisex-10-ml,https://in.ajmal.com/cdn/shop/files/ROYAL-GALAXY_CONCENTRATED_10ML_1.jpg?v=1723816973&width=1600,ROYAL-GALAXY Non-Alcoholic Attar 10ML for Unisex,₹999.00,"₹1,299",https://in.ajmal.com/products/royal-galaxy-attar-concentrated-perfume-for-unisex-10-ml,"<div class=""product-form__input hidden"">
    <label class=""form__label"" for=""Variants-template--16613934661802__product-grid"">Product variants</label>
    <div class=""select"">
      <select name=""id"" id=""Variants-template--16613934661802__product-grid"" class=""select__select"" form=""""><option selected=""selected"" value=""46190312620202"">Default Title - ₹999.00</option></select>
      <svg aria-hidden=""true"" focusable=""false"" class=""icon icon-caret"" viewBox=""0 0 10 6"">
  <path fill-rule=""evenodd"" clip-rule=""evenodd"" d=""M9.354.646a.5.5 0 00-.708 0L5 4.293 1.354.646a.5.5 0 00-.708.708l4 4a.5.5 0 00.708 0l4-4a.5.5 0 000-.708z"" fill=""currentColor"">
</path></svg>

    </div>
  </div>","Floral, Spicy  ", Musky  ," Ambery, Woody",,,,,,,,,,,,
https://in.ajmal.com/collections/concentrated-perfume/products/royal-misk-sapphire-attar-concentrated-perfume-for-unisex-10-ml,https://in.ajmal.com/cdn/shop/files/ROYAL-MISK-SAPPHIRE_CONCENTRATED_10ML_1.jpg?v=1723816884&width=1600,ROYAL-MISK-SAPPHIRE Non-Alcoholic Attar 10ML for Unisex,₹999.00,"₹1,299",https://in.ajmal.com/products/royal-misk-sapphire-attar-concentrated-perfume-for-unisex-10-ml,"<div class=""product-form__input hidden"">
    <label class=""form__label"" for=""Variants-template--16613934661802__product-grid"">Product variants</label>
    <div class=""select"">
      <select name=""id"" id=""Variants-template--16613934661802__product-grid"" class=""select__select"" form=""""><option selected=""selected"" value=""46190312456362"">Default Title - ₹999.00</option></select>
      <svg aria-hidden=""true"" focusable=""false"" class=""icon icon-caret"" viewBox=""0 0 10 6"">
  <path fill-rule=""evenodd"" clip-rule=""evenodd"" d=""M9.354.646a.5.5 0 00-.708 0L5 4.293 1.354.646a.5.5 0 00-.708.708l4 4a.5.5 0 00.708 0l4-4a.5.5 0 000-.708z"" fill=""currentColor"">
</path></svg>

    </div>
  </div>",Musky  , Musky  ," Musky, Powdery",,,,,,,,,,,,
https://in.ajmal.com/collections/concentrated-perfume/products/mukhallat-raaqi-concentrated-perfume-perfume-10ml-for-unisex,https://in.ajmal.com/cdn/shop/files/MUKHALLATRAAQI_CONCENTRATED_10ML_1.png?v=1746422459&width=1600,MUKHALLAT RAAQI Non-Alcoholic Attar 10ML for Unisex,₹980.00,"₹1,400",https://in.ajmal.com/products/mukhallat-raaqi-concentrated-perfume-perfume-10ml-for-unisex,"<div class=""product-form__input hidden"">
    <label class=""form__label"" for=""Variants-template--16613934661802__product-grid"">Product variants</label>
    <div class=""select"">
      <select name=""id"" id=""Variants-template--16613934661802__product-grid"" class=""select__select"" form=""""><option selected=""selected"" value=""46097058332842"">Default Title - ₹980.00</option></select>
      <svg aria-hidden=""true"" focusable=""false"" class=""icon icon-caret"" viewBox=""0 0 10 6"">
  <path fill-rule=""evenodd"" clip-rule=""evenodd"" d=""M9.354.646a.5.5 0 00-.708 0L5 4.293 1.354.646a.5.5 0 00-.708.708l4 4a.5.5 0 00.708 0l4-4a.5.5 0 000-.708z"" fill=""currentColor"">
</path></svg>

    </div>
  </div>",Fresh Floral Fruity  , Floral  ," Woody, Musky",,,,,,,,,,,,
https://in.ajmal.com/collections/concentrated-perfume/products/gold-series-concentrated-perfume-gift-set-for-men-womenpack-of-4-5ml-each,https://in.ajmal.com/cdn/shop/files/GOLD_CP_GIFTSET_20ML_1.jpg?v=1736157384&width=1600,GOLD Non-Alcoholic Attar Giftpack 20ML for Unisex,₹899.00,"₹1,299",https://in.ajmal.com/products/gold-series-concentrated-perfume-gift-set-for-men-womenpack-of-4-5ml-each,"<div class=""product-form__input hidden"">
    <label class=""form__label"" for=""Variants-template--16613934661802__product-grid"">Product variants</label>
    <div class=""select"">
      <select name=""id"" id=""Variants-template--16613934661802__product-grid"" class=""select__select"" form=""""><option selected=""selected"" value=""46421256798378"">Default Title - ₹899.00</option></select>
      <svg aria-hidden=""true"" focusable=""false"" class=""icon icon-caret"" viewBox=""0 0 10 6"">
  <path fill-rule=""evenodd"" clip-rule=""evenodd"" d=""M9.354.646a.5.5 0 00-.708 0L5 4.293 1.354.646a.5.5 0 00-.708.708l4 4a.5.5 0 00.708 0l4-4a.5.5 0 000-.708z"" fill=""currentColor"">
</path></svg>

    </div>
  </div>",Blu Moon," Fresh, Citrus Dubai Oud"," Woody, Spicy White Oud"," Floral, Citrus, Fruity Rose Gold"," Citrus, Fruity  ", Blu Moon," Floral, Fruity Dubai Oud"," Ambery, Woody, Sweet White Oud"," Floral, Woody Rose Gold"," Floral, Fruity  ", Blu Moon," Musky, Woody Dubai Oud"," Woody, Musky, Oudh White Oud"," Musky, Ambery Rose Gold"," Ambery, Woody, Musky"
https://in.ajmal.com/collections/concentrated-perfume/products/asher-concentrated-perfume-perfume-12ml-for-unisex,https://in.ajmal.com/cdn/shop/files/ASHERCONCENTRATED_12ml_1.png?v=1746422459&width=1600,Asher Non-Alcoholic Attar 12ML for Unisex,₹875.00,"₹1,250",https://in.ajmal.com/products/asher-concentrated-perfume-perfume-12ml-for-unisex,"<div class=""product-form__input hidden"">
    <label class=""form__label"" for=""Variants-template--16613934661802__product-grid"">Product variants</label>
    <div class=""select"">
      <select name=""id"" id=""Variants-template--16613934661802__product-grid"" class=""select__select"" form=""""><option selected=""selected"" value=""46097058169002"">Default Title - ₹875.00</option></select>
      <svg aria-hidden=""true"" focusable=""false"" class=""icon icon-caret"" viewBox=""0 0 10 6"">
  <path fill-rule=""evenodd"" clip-rule=""evenodd"" d=""M9.354.646a.5.5 0 00-.708 0L5 4.293 1.354.646a.5.5 0 00-.708.708l4 4a.5.5 0 00.708 0l4-4a.5.5 0 000-.708z"" fill=""currentColor"">
</path></svg>

    </div>
  </div>",Fresh (Bergamot) Floral (Jasmine)  , Musky ( Musk) Spicy (Saffron)  , Oudhy (Oudh) Ambery (Amber),,,,,,,,,,,,
https://in.ajmal.com/collections/concentrated-perfume/products/aurum-miniature-concentrated-perfume-perfume-10ml-for-women,https://in.ajmal.com/cdn/shop/files/AURUM_CONCENTRATED_10ML_1.png?v=1746422459&width=1600,AURUM Non-Alcoholic Attar 10ML for Women,₹780.00,₹975,https://in.ajmal.com/products/aurum-miniature-concentrated-perfume-perfume-10ml-for-women,"<div class=""product-form__input hidden"">
    <label class=""form__label"" for=""Variants-template--16613934661802__product-grid"">Product variants</label>
    <div class=""select"">
      <select name=""id"" id=""Variants-template--16613934661802__product-grid"" class=""select__select"" form=""""><option selected=""selected"" value=""46097057710250"">Default Title - ₹780.00</option></select>
      <svg aria-hidden=""true"" focusable=""false"" class=""icon icon-caret"" viewBox=""0 0 10 6"">
  <path fill-rule=""evenodd"" clip-rule=""evenodd"" d=""M9.354.646a.5.5 0 00-.708 0L5 4.293 1.354.646a.5.5 0 00-.708.708l4 4a.5.5 0 00.708 0l4-4a.5.5 0 000-.708z"" fill=""currentColor"">
</path></svg>

    </div>
  </div>","TOP- FRESH,FRUITY  "," FRUITY,FLOAL , SPICY  "," WOODY,MUSKY, POWDERY",,,,,,,,,,,,
https://in.ajmal.com/collections/concentrated-perfume/products/dahnul-oudh-hayati-concentrated-perfume-perfume-6ml-for-unisex,https://in.ajmal.com/cdn/shop/files/DAHNULOUDHHAYATI_CONCENTRATED_6ML_1.jpg?v=1719382202&width=1600,DAHNUL OUDH HAYATI Non-Alcoholic Attar 6ML for Unisex,₹750.00,"₹1,250",https://in.ajmal.com/products/dahnul-oudh-hayati-concentrated-perfume-perfume-6ml-for-unisex,"<div class=""product-form__input hidden"">
    <label class=""form__label"" for=""Variants-template--16613934661802__product-grid"">Product variants</label>
    <div class=""select"">
      <select name=""id"" id=""Variants-template--16613934661802__product-grid"" class=""select__select"" form=""""><option selected=""selected"" value=""46097057513642"">Default Title - ₹750.00</option></select>
      <svg aria-hidden=""true"" focusable=""false"" class=""icon icon-caret"" viewBox=""0 0 10 6"">
  <path fill-rule=""evenodd"" clip-rule=""evenodd"" d=""M9.354.646a.5.5 0 00-.708 0L5 4.293 1.354.646a.5.5 0 00-.708.708l4 4a.5.5 0 00.708 0l4-4a.5.5 0 000-.708z"" fill=""currentColor"">
</path></svg>

    </div>
  </div>",Oudhy  , Oudhy  , Oudhy,,,,,,,,,,,,
https://in.ajmal.com/collections/concentrated-perfume/products/musk-rose-concentrated-perfume-perfume-12ml-for-unisex,https://in.ajmal.com/cdn/shop/files/MUSKROSE_CONCENTRATED_12ML_1.png?v=1746422459&width=1600,MUSK ROSE Non-Alcoholic Attar 12ML for Unisex,₹600.00,"₹1,000",https://in.ajmal.com/products/musk-rose-concentrated-perfume-perfume-12ml-for-unisex,"<div class=""product-form__input hidden"">
    <label class=""form__label"" for=""Variants-template--16613934661802__product-grid"">Product variants</label>
    <div class=""select"">
      <select name=""id"" id=""Variants-template--16613934661802__product-grid"" class=""select__select"" form=""""><option selected=""selected"" value=""46097057611946"">Default Title - ₹600.00</option></select>
      <svg aria-hidden=""true"" focusable=""false"" class=""icon icon-caret"" viewBox=""0 0 10 6"">
  <path fill-rule=""evenodd"" clip-rule=""evenodd"" d=""M9.354.646a.5.5 0 00-.708 0L5 4.293 1.354.646a.5.5 0 00-.708.708l4 4a.5.5 0 00.708 0l4-4a.5.5 0 000-.708z"" fill=""currentColor"">
</path></svg>

    </div>
  </div>",Floral  , Spicy Floral  , Floral Musky,,,,,,,,,,,,
https://in.ajmal.com/collections/concentrated-perfume/products/mukhallat-al-wafa-concentrated-perfume-perfume-12ml-for-unisex,https://in.ajmal.com/cdn/shop/files/MUKHALLATALWAFA_CONCENTRATED_12ML_1.jpg?v=1719382261&width=1600,MUKHALLAT ALWAFA Non-Alcoholic Attar 12ML for Unisex,₹560.00,₹750,https://in.ajmal.com/products/mukhallat-al-wafa-concentrated-perfume-perfume-12ml-for-unisex,"<div class=""product-form__input hidden"">
    <label class=""form__label"" for=""Variants-template--16613934661802__product-grid"">Product variants</label>
    <div class=""select"">
      <select name=""id"" id=""Variants-template--16613934661802__product-grid"" class=""select__select"" form=""""><option selected=""selected"" value=""46097057579178"">Default Title - ₹560.00</option></select>
      <svg aria-hidden=""true"" focusable=""false"" class=""icon icon-caret"" viewBox=""0 0 10 6"">
  <path fill-rule=""evenodd"" clip-rule=""evenodd"" d=""M9.354.646a.5.5 0 00-.708 0L5 4.293 1.354.646a.5.5 0 00-.708.708l4 4a.5.5 0 00.708 0l4-4a.5.5 0 000-.708z"" fill=""currentColor"">
</path></svg>

    </div>
  </div>",Spicy Fresh  , Woody Spicy  , Powdery Oudhy,,,,,,,,,,,,
https://in.ajmal.com/collections/concentrated-perfume/products/white-oud-non-alcoholic-concentrated-perfume-long-lasting-attar-for-unisex-5-ml,https://in.ajmal.com/cdn/shop/files/WHITEOUD_CONCENTRATED_5ML_1.jpg?v=1750765011&width=360,WHITE OUD Non-Alcoholic Attar 5ML for Unisex,₹450.00,₹500,https://in.ajmal.com/products/white-oud-non-alcoholic-concentrated-perfume-long-lasting-attar-for-unisex-5-ml,"<div class=""product-form__input hidden"">
    <label class=""form__label"" for=""Variants-template--16613934661802__product-grid"">Product variants</label>
    <div class=""select"">
      <select name=""id"" id=""Variants-template--16613934661802__product-grid"" class=""select__select"" form=""""><option selected=""selected"" value=""46097100734634"">Default Title - ₹450.00</option></select>
      <svg aria-hidden=""true"" focusable=""false"" class=""icon icon-caret"" viewBox=""0 0 10 6"">
  <path fill-rule=""evenodd"" clip-rule=""evenodd"" d=""M9.354.646a.5.5 0 00-.708 0L5 4.293 1.354.646a.5.5 0 00-.708.708l4 4a.5.5 0 00.708 0l4-4a.5.5 0 000-.708z"" fill=""currentColor"">
</path></svg>

    </div>
  </div>","Floral, Citrus, Fruity  "," Floral, Woody  "," Musky, Ambery",,,,,,,,,,,,
https://in.ajmal.com/collections/concentrated-perfume/products/rose-gold-attar-non-alcoholic-concentrated-perfume-long-lasting-attar-for-unisex-5-ml,https://in.ajmal.com/cdn/shop/files/ROSEGOLD_CONCENTRATED_5ML_1.jpg?v=1750765371&width=360,ROSE GOLD Non-Alcoholic Attar 5ML for Unisex,₹450.00,₹500,https://in.ajmal.com/products/rose-gold-attar-non-alcoholic-concentrated-perfume-long-lasting-attar-for-unisex-5-ml,"<div class=""product-form__input hidden"">
    <label class=""form__label"" for=""Variants-template--16613934661802__product-grid"">Product variants</label>
    <div class=""select"">
      <select name=""id"" id=""Variants-template--16613934661802__product-grid"" class=""select__select"" form=""""><option selected=""selected"" value=""46097100767402"">Default Title - ₹450.00</option></select>
      <svg aria-hidden=""true"" focusable=""false"" class=""icon icon-caret"" viewBox=""0 0 10 6"">
  <path fill-rule=""evenodd"" clip-rule=""evenodd"" d=""M9.354.646a.5.5 0 00-.708 0L5 4.293 1.354.646a.5.5 0 00-.708.708l4 4a.5.5 0 00.708 0l4-4a.5.5 0 000-.708z"" fill=""currentColor"">
</path></svg>

    </div>
  </div>","Citrus, Fruity  "," Floral, Fruity  "," Ambery, Woody, Musky",,,,,,,,,,,,
https://in.ajmal.com/collections/concentrated-perfume/products/dubai-oud-non-alcoholic-concentrated-perfume-long-lasting-attar-for-unisex-5-ml,https://in.ajmal.com/cdn/shop/files/DUBAIOUD_CONCENTRATED_5ML_1.jpg?v=1750764576&width=360,DUBAI OUD Non-Alcoholic Attar 5ML for Unisex,₹450.00,₹500,https://in.ajmal.com/products/dubai-oud-non-alcoholic-concentrated-perfume-long-lasting-attar-for-unisex-5-ml,"<div class=""product-form__input hidden"">
    <label class=""form__label"" for=""Variants-template--16613934661802__product-grid"">Product variants</label>
    <div class=""select"">
      <select name=""id"" id=""Variants-template--16613934661802__product-grid"" class=""select__select"" form=""""><option selected=""selected"" value=""46097100570794"">Default Title - ₹450.00</option></select>
      <svg aria-hidden=""true"" focusable=""false"" class=""icon icon-caret"" viewBox=""0 0 10 6"">
  <path fill-rule=""evenodd"" clip-rule=""evenodd"" d=""M9.354.646a.5.5 0 00-.708 0L5 4.293 1.354.646a.5.5 0 00-.708.708l4 4a.5.5 0 00.708 0l4-4a.5.5 0 000-.708z"" fill=""currentColor"">
</path></svg>

    </div>
  </div>","Woody, Spicy  "," Ambery, Woody, Sweet  "," Woody Musky, Oudhy",,,,,,,,,,,,
https://in.ajmal.com/collections/concentrated-perfume/products/musk-amber-non-alcoholic-concentrated-perfume-long-lasting-attar-for-men-5-ml,https://in.ajmal.com/cdn/shop/files/MUSKAMBER_CONCENTRATED_5ML_1.jpg?v=1750743191&width=360,MUSK AMBER Non-Alcoholic Attar 5ML for Men,₹450.00,₹500,https://in.ajmal.com/products/musk-amber-non-alcoholic-concentrated-perfume-long-lasting-attar-for-men-5-ml,"<div class=""product-form__input hidden"">
    <label class=""form__label"" for=""Variants-template--16613934661802__product-grid"">Product variants</label>
    <div class=""select"">
      <select name=""id"" id=""Variants-template--16613934661802__product-grid"" class=""select__select"" form=""""><option selected=""selected"" value=""46097100603562"">Default Title - ₹450.00</option></select>
      <svg aria-hidden=""true"" focusable=""false"" class=""icon icon-caret"" viewBox=""0 0 10 6"">
  <path fill-rule=""evenodd"" clip-rule=""evenodd"" d=""M9.354.646a.5.5 0 00-.708 0L5 4.293 1.354.646a.5.5 0 00-.708.708l4 4a.5.5 0 00.708 0l4-4a.5.5 0 000-.708z"" fill=""currentColor"">
</path></svg>

    </div>
  </div>","Aromatic, Herbal, Citrus  ", Spicy  ," Woody, Oudhy",,,,,,,,,,,,
https://in.ajmal.com/collections/concentrated-perfume/products/cool-musk-non-alcoholic-concentrated-perfume-long-lasting-attar-for-unisex-5-ml,https://in.ajmal.com/cdn/shop/files/COOLMUSK_CONCENTRATED_5ML_1.jpg?v=1750764864&width=360,COOL MUSK Non-Alcoholic Attar 5ML for Unisex,₹450.00,₹500,https://in.ajmal.com/products/cool-musk-non-alcoholic-concentrated-perfume-long-lasting-attar-for-unisex-5-ml,"<div class=""product-form__input hidden"">
    <label class=""form__label"" for=""Variants-template--16613934661802__product-grid"">Product variants</label>
    <div class=""select"">
      <select name=""id"" id=""Variants-template--16613934661802__product-grid"" class=""select__select"" form=""""><option selected=""selected"" value=""46097100538026"">Default Title - ₹450.00</option></select>
      <svg aria-hidden=""true"" focusable=""false"" class=""icon icon-caret"" viewBox=""0 0 10 6"">
  <path fill-rule=""evenodd"" clip-rule=""evenodd"" d=""M9.354.646a.5.5 0 00-.708 0L5 4.293 1.354.646a.5.5 0 00-.708.708l4 4a.5.5 0 00.708 0l4-4a.5.5 0 000-.708z"" fill=""currentColor"">
</path></svg>

    </div>
  </div>","Floral, Citrus  "," Floral, Musky  "," Musky, Ambery, Woody",,,,,,,,,,,,
https://in.ajmal.com/collections/concentrated-perfume/products/musk-gold-non-alcoholic-concentrated-perfume-long-lasting-attar-for-unisex-5-ml,https://in.ajmal.com/cdn/shop/files/MUSKGOLD_CONCENTRATED_5ML_1.jpg?v=1750764720&width=360,MUSK GOLD Non-Alcoholic Attar 5ML for Unisex,₹450.00,₹500,https://in.ajmal.com/products/musk-gold-non-alcoholic-concentrated-perfume-long-lasting-attar-for-unisex-5-ml,"<div class=""product-form__input hidden"">
    <label class=""form__label"" for=""Variants-template--16613934661802__product-grid"">Product variants</label>
    <div class=""select"">
      <select name=""id"" id=""Variants-template--16613934661802__product-grid"" class=""select__select"" form=""""><option selected=""selected"" value=""46097100505258"">Default Title - ₹450.00</option></select>
      <svg aria-hidden=""true"" focusable=""false"" class=""icon icon-caret"" viewBox=""0 0 10 6"">
  <path fill-rule=""evenodd"" clip-rule=""evenodd"" d=""M9.354.646a.5.5 0 00-.708 0L5 4.293 1.354.646a.5.5 0 00-.708.708l4 4a.5.5 0 00.708 0l4-4a.5.5 0 000-.708z"" fill=""currentColor"">
</path></svg>

    </div>
  </div>",Fruity  , Floral  ," Musky, Woody",,,,,,,,,,,,
https://in.ajmal.com/collections/concentrated-perfume/products/black-current-non-alcoholic-concentrated-perfume-long-lasting-attar-for-unisex-5-ml,https://in.ajmal.com/cdn/shop/files/BLACKCURRENT_CONCENTRATED_5ML_1.jpg?v=1750764444&width=360,BLACK CURRENT Non-Alcoholic Attar 5ML for Unisex,₹450.00,₹500,https://in.ajmal.com/products/black-current-non-alcoholic-concentrated-perfume-long-lasting-attar-for-unisex-5-ml,"<div class=""product-form__input hidden"">
    <label class=""form__label"" for=""Variants-template--16613934661802__product-grid"">Product variants</label>
    <div class=""select"">
      <select name=""id"" id=""Variants-template--16613934661802__product-grid"" class=""select__select"" form=""""><option selected=""selected"" value=""46097100472490"">Default Title - ₹450.00</option></select>
      <svg aria-hidden=""true"" focusable=""false"" class=""icon icon-caret"" viewBox=""0 0 10 6"">
  <path fill-rule=""evenodd"" clip-rule=""evenodd"" d=""M9.354.646a.5.5 0 00-.708 0L5 4.293 1.354.646a.5.5 0 00-.708.708l4 4a.5.5 0 00.708 0l4-4a.5.5 0 000-.708z"" fill=""currentColor"">
</path></svg>

    </div>
  </div>","Fresh, Citrus, Fruity, Spicy  "," Fresh, Citrus, Fruity, Spicy  ", Fruity,,,,,,,,,,,,
https://in.ajmal.com/collections/concentrated-perfume/products/blu-moon-non-alcoholic-concentrated-perfume-long-lasting-attar-for-women-5-ml,https://in.ajmal.com/cdn/shop/files/BLUMOON_CONCENTRATED_5ML_1.jpg?v=1750748780&width=360,BLU MOON Non-Alcoholic Attar 5ML for Women,₹450.00,₹500,https://in.ajmal.com/products/blu-moon-non-alcoholic-concentrated-perfume-long-lasting-attar-for-women-5-ml,"<div class=""product-form__input hidden"">
    <label class=""form__label"" for=""Variants-template--16613934661802__product-grid"">Product variants</label>
    <div class=""select"">
      <select name=""id"" id=""Variants-template--16613934661802__product-grid"" class=""select__select"" form=""""><option selected=""selected"" value=""46097100406954"">Default Title - ₹450.00</option></select>
      <svg aria-hidden=""true"" focusable=""false"" class=""icon icon-caret"" viewBox=""0 0 10 6"">
  <path fill-rule=""evenodd"" clip-rule=""evenodd"" d=""M9.354.646a.5.5 0 00-.708 0L5 4.293 1.354.646a.5.5 0 00-.708.708l4 4a.5.5 0 00.708 0l4-4a.5.5 0 000-.708z"" fill=""currentColor"">
</path></svg>

    </div>
  </div>","Fresh, Citrus  "," Floral, Fruity  "," Musky, Woody",,,,,,,,,,,,
https://in.ajmal.com/collections/concentrated-perfume/products/magnetize-non-alcoholic-concentrated-perfume-long-lasting-attar-for-men-5-ml,https://in.ajmal.com/cdn/shop/files/MAGNETIZE_CONCENTRATED_5ML_1.jpg?v=1750743451&width=360,MAGNETIZE Non-Alcoholic Attar 5ML for Men,₹450.00,₹500,https://in.ajmal.com/products/magnetize-non-alcoholic-concentrated-perfume-long-lasting-attar-for-men-5-ml,"<div class=""product-form__input hidden"">
    <label class=""form__label"" for=""Variants-template--16613934661802__product-grid"">Product variants</label>
    <div class=""select"">
      <select name=""id"" id=""Variants-template--16613934661802__product-grid"" class=""select__select"" form=""""><option selected=""selected"" value=""46097100341418"">Default Title - ₹450.00</option></select>
      <svg aria-hidden=""true"" focusable=""false"" class=""icon icon-caret"" viewBox=""0 0 10 6"">
  <path fill-rule=""evenodd"" clip-rule=""evenodd"" d=""M9.354.646a.5.5 0 00-.708 0L5 4.293 1.354.646a.5.5 0 00-.708.708l4 4a.5.5 0 00.708 0l4-4a.5.5 0 000-.708z"" fill=""currentColor"">
</path></svg>

    </div>
  </div>","Spicy, Citrus, Herbal  "," Floral, Fruity  ", Ambery Woody,,,,,,,,,,,,
https://in.ajmal.com/collections/concentrated-perfume/products/coco-gold-non-alcoholic-concentrated-perfume-long-lasting-attar-for-women-5-ml,https://in.ajmal.com/cdn/shop/files/COCOGOLD_CONCENTRATED_5ML_1.jpg?v=1750748885&width=360,COCOGOLD Non-Alcoholic Attar 5ML for Women,₹450.00,₹500,https://in.ajmal.com/products/coco-gold-non-alcoholic-concentrated-perfume-long-lasting-attar-for-women-5-ml,"<div class=""product-form__input hidden"">
    <label class=""form__label"" for=""Variants-template--16613934661802__product-grid"">Product variants</label>
    <div class=""select"">
      <select name=""id"" id=""Variants-template--16613934661802__product-grid"" class=""select__select"" form=""""><option selected=""selected"" value=""46097100243114"">Default Title - ₹450.00</option></select>
      <svg aria-hidden=""true"" focusable=""false"" class=""icon icon-caret"" viewBox=""0 0 10 6"">
  <path fill-rule=""evenodd"" clip-rule=""evenodd"" d=""M9.354.646a.5.5 0 00-.708 0L5 4.293 1.354.646a.5.5 0 00-.708.708l4 4a.5.5 0 00.708 0l4-4a.5.5 0 000-.708z"" fill=""currentColor"">
</path></svg>

    </div>
  </div>","Spicy, Fruity  ", Floral  ," Woody, Sweet",,,,,,,,,,,,
https://in.ajmal.com/collections/concentrated-perfume/products/tempest-concentrated-perfume-perfume-12ml-for-unisex,https://in.ajmal.com/cdn/shop/files/TEMPEST_CONCENTRATED_12ML_1.jpg?v=1719382456&width=1600,TEMPEST Non-Alcoholic Attar 12ML for Unisex,₹450.00,₹750,https://in.ajmal.com/products/tempest-concentrated-perfume-perfume-12ml-for-unisex,"<div class=""product-form__input hidden"">
    <label class=""form__label"" for=""Variants-template--16613934661802__product-grid"">Product variants</label>
    <div class=""select"">
      <select name=""id"" id=""Variants-template--16613934661802__product-grid"" class=""select__select"" form=""""><option selected=""selected"" value=""46097057841322"">Default Title - ₹450.00</option></select>
      <svg aria-hidden=""true"" focusable=""false"" class=""icon icon-caret"" viewBox=""0 0 10 6"">
  <path fill-rule=""evenodd"" clip-rule=""evenodd"" d=""M9.354.646a.5.5 0 00-.708 0L5 4.293 1.354.646a.5.5 0 00-.708.708l4 4a.5.5 0 00.708 0l4-4a.5.5 0 000-.708z"" fill=""currentColor"">
</path></svg>

    </div>
  </div>",Aqua Floral  , Floral Musky  , Woody Oriental Musky,,,,,,,,,,,,
https://in.ajmal.com/collections/concentrated-perfume/products/jannatul-firdaus-concentrated-perfume-perfume-10ml-for-unisex,https://in.ajmal.com/cdn/shop/files/JANNATULFIRDAUS_CONCENTRATRED_10ML_1.png?v=1746422459&width=1600,JANNATUL FIRDAUS Non-Alcoholic Attar 10ML for Unisex,₹400.00,₹500,https://in.ajmal.com/products/jannatul-firdaus-concentrated-perfume-perfume-10ml-for-unisex,"<div class=""product-form__input hidden"">
    <label class=""form__label"" for=""Variants-template--16613934661802__product-grid"">Product variants</label>
    <div class=""select"">
      <select name=""id"" id=""Variants-template--16613934661802__product-grid"" class=""select__select"" form=""""><option selected=""selected"" value=""46097057546410"">Default Title - ₹400.00</option></select>
      <svg aria-hidden=""true"" focusable=""false"" class=""icon icon-caret"" viewBox=""0 0 10 6"">
  <path fill-rule=""evenodd"" clip-rule=""evenodd"" d=""M9.354.646a.5.5 0 00-.708 0L5 4.293 1.354.646a.5.5 0 00-.708.708l4 4a.5.5 0 00.708 0l4-4a.5.5 0 000-.708z"" fill=""currentColor"">
</path></svg>

    </div>
  </div>",floral fresh  , Spicy  , Ambery Musky,,,,,,,,,,,,
https://in.ajmal.com/collections/concentrated-perfume/products/saba-concentrated-perfume-perfume-10ml-for-unisex,https://in.ajmal.com/cdn/shop/files/SABA_CP_10ML_1.jpg?v=1719383130&width=1600,SABA Non-Alcoholic Attar 10ML for Unisex,₹400.00,₹500,https://in.ajmal.com/products/saba-concentrated-perfume-perfume-10ml-for-unisex,"<div class=""product-form__input hidden"">
    <label class=""form__label"" for=""Variants-template--16613934661802__product-grid"">Product variants</label>
    <div class=""select"">
      <select name=""id"" id=""Variants-template--16613934661802__product-grid"" class=""select__select"" form=""""><option selected=""selected"" value=""46097058463914"">Default Title - ₹400.00</option></select>
      <svg aria-hidden=""true"" focusable=""false"" class=""icon icon-caret"" viewBox=""0 0 10 6"">
  <path fill-rule=""evenodd"" clip-rule=""evenodd"" d=""M9.354.646a.5.5 0 00-.708 0L5 4.293 1.354.646a.5.5 0 00-.708.708l4 4a.5.5 0 00.708 0l4-4a.5.5 0 000-.708z"" fill=""currentColor"">
</path></svg>

    </div>
  </div>",Floral Spicy  , Woody  , Woody Musky,,,,,,,,,,,,
https://in.ajmal.com/collections/concentrated-perfume/products/selfie-concentrated-perfume-perfume-10ml-for-men,https://in.ajmal.com/cdn/shop/files/SELFIE_CONCENTRATED_10ML_1.jpg?v=1719382502&width=1600,SELFIE Non-Alcoholic Attar 10ML for Men,₹400.00,₹500,https://in.ajmal.com/products/selfie-concentrated-perfume-perfume-10ml-for-men,"<div class=""product-form__input hidden"">
    <label class=""form__label"" for=""Variants-template--16613934661802__product-grid"">Product variants</label>
    <div class=""select"">
      <select name=""id"" id=""Variants-template--16613934661802__product-grid"" class=""select__select"" form=""""><option selected=""selected"" value=""46097057906858"">Default Title - ₹400.00</option></select>
      <svg aria-hidden=""true"" focusable=""false"" class=""icon icon-caret"" viewBox=""0 0 10 6"">
  <path fill-rule=""evenodd"" clip-rule=""evenodd"" d=""M9.354.646a.5.5 0 00-.708 0L5 4.293 1.354.646a.5.5 0 00-.708.708l4 4a.5.5 0 00.708 0l4-4a.5.5 0 000-.708z"" fill=""currentColor"">
</path></svg>

    </div>
  </div>",Citrus  , Spicy Aromatic  , Woody Musky Ambery,,,,,,,,,,,,
https://in.ajmal.com/collections/concentrated-perfume/products/impress-concentrated-perfume-perfume-10ml-for-men,https://in.ajmal.com/cdn/shop/files/IMPRESS_CONCENTRATED_10ML_1.png?v=1746422459&width=1600,IMPRESS Non-Alcoholic Attar 10ML for Men,₹400.00,₹500,https://in.ajmal.com/products/impress-concentrated-perfume-perfume-10ml-for-men,"<div class=""product-form__input hidden"">
    <label class=""form__label"" for=""Variants-template--16613934661802__product-grid"">Product variants</label>
    <div class=""select"">
      <select name=""id"" id=""Variants-template--16613934661802__product-grid"" class=""select__select"" form=""""><option selected=""selected"" value=""46097057874090"">Default Title - ₹400.00</option></select>
      <svg aria-hidden=""true"" focusable=""false"" class=""icon icon-caret"" viewBox=""0 0 10 6"">
  <path fill-rule=""evenodd"" clip-rule=""evenodd"" d=""M9.354.646a.5.5 0 00-.708 0L5 4.293 1.354.646a.5.5 0 00-.708.708l4 4a.5.5 0 00.708 0l4-4a.5.5 0 000-.708z"" fill=""currentColor"">
</path></svg>

    </div>
  </div>",fresh aromatic  , spicy  , Ambery woody,,,,,,,,,,,,
https://in.ajmal.com/collections/concentrated-perfume/products/majmua-concentrated-perfume-perfume-10ml-for-unisex,https://in.ajmal.com/cdn/shop/files/MAJMUA_CONCENTRATED_10ML_1.jpg?v=1719382430&width=1600,MAJMUA Non-Alcoholic Attar 10ML for Unisex,₹400.00,₹500,https://in.ajmal.com/products/majmua-concentrated-perfume-perfume-10ml-for-unisex,"<div class=""product-form__input hidden"">
    <label class=""form__label"" for=""Variants-template--16613934661802__product-grid"">Product variants</label>
    <div class=""select"">
      <select name=""id"" id=""Variants-template--16613934661802__product-grid"" class=""select__select"" form=""""><option selected=""selected"" value=""46097057808554"">Default Title - ₹400.00</option></select>
      <svg aria-hidden=""true"" focusable=""false"" class=""icon icon-caret"" viewBox=""0 0 10 6"">
  <path fill-rule=""evenodd"" clip-rule=""evenodd"" d=""M9.354.646a.5.5 0 00-.708 0L5 4.293 1.354.646a.5.5 0 00-.708.708l4 4a.5.5 0 00.708 0l4-4a.5.5 0 000-.708z"" fill=""currentColor"">
</path></svg>

    </div>
  </div>",Floral Spicy  , Ambery  , Woody,,,,,,,,,,,,
https://in.ajmal.com/collections/concentrated-perfume/products/aura-concentrated-perfume-perfume-10ml-for-unisex,https://in.ajmal.com/cdn/shop/files/AURA_CONCENTRATED_10ML_1.png?v=1746422493&width=1600,AURA Non-Alcoholic Attar 10ML for Unisex,₹400.00,₹500,https://in.ajmal.com/products/aura-concentrated-perfume-perfume-10ml-for-unisex,"<div class=""product-form__input hidden"">
    <label class=""form__label"" for=""Variants-template--16613934661802__product-grid"">Product variants</label>
    <div class=""select"">
      <select name=""id"" id=""Variants-template--16613934661802__product-grid"" class=""select__select"" form=""""><option selected=""selected"" value=""46097057775786"">Default Title - ₹400.00</option></select>
      <svg aria-hidden=""true"" focusable=""false"" class=""icon icon-caret"" viewBox=""0 0 10 6"">
  <path fill-rule=""evenodd"" clip-rule=""evenodd"" d=""M9.354.646a.5.5 0 00-.708 0L5 4.293 1.354.646a.5.5 0 00-.708.708l4 4a.5.5 0 00.708 0l4-4a.5.5 0 000-.708z"" fill=""currentColor"">
</path></svg>

    </div>
  </div>",Fruity  , Floral  , musky ambery woody,,,,,,,,,,,,